insert into band (band_id, band_name, start_year, end_year, city_of_origin) values ('Radradriot', 'Radradriot', '2013', '2016', 'Little Rock');
insert into band (band_id, band_name, start_year, end_year, city_of_origin) values ('Headcold', 'Headcold', '2013', '2018', 'Little Rock');
insert into band (band_id, band_name, start_year, end_year, city_of_origin) values ('Chino_Horde', 'Chino Horde', '1990', '1995', 'Little Rock');
insert into band (band_id, band_name, start_year, end_year, city_of_origin) values ('Generation_of_Vipers', 'Generation of Vipers', '1994', '1998', 'Little Rock');
insert into band (band_id, band_name, start_year, end_year, city_of_origin) values ('Benchmark', 'Benchmark', '1994', '1995', 'Fort Smith');
insert into band (band_id, band_name, start_year, end_year, city_of_origin) values ('Auric', 'Auric', '2014', '2017', 'Fayetteville');
insert into band (band_id, band_name, start_year, end_year, city_of_origin) values ('Pecan_Sandy', 'Pecan Sandy', '2012', '2017', 'Russellville');
insert into band (band_id, band_name, start_year, end_year, city_of_origin) values ('Everyone_Asked_About_You', 'Everyone Asked About You', '1997', '1998', 'Little Rock');
insert into band (band_id, band_name, start_year, end_year, city_of_origin) values ('William_Martyr_17', 'William Martyr 17', '1994', '1994', 'Little Rock');



-- Radradriot
insert into album (album_id, album_name, release_year, album_length) values ('Radradriot', 'This is All Starting to Make Sense', '2014', '29:40');
insert into album (album_id, album_name, release_year, album_length) values ('Radradriot', 'Radradriot/Rat Ship Split', '2015', '22:53');
insert into album (album_id, album_name, release_year, album_length) values ('Radradriot', 'Radradriot/Headcold Split', '2015', '14:21');
insert into album (album_id, album_name, release_year, album_length) values ('Radradriot', 'Family Force 4 Split', '2016', '24:54');
insert into album (album_id, album_name, release_year, album_length) values ('Radradriot', 'BYE', '2016', '29:40')
;

-- headcold
insert into album (album_id, album_name, release_year, album_length) values ('Headcold', 'Headcold/Nouns Split', '2014', '13:25');
insert into album (album_id, album_name, release_year, album_length) values ('Headcold', 'Radradriot/Headcold Split', '2014', '14:21');
insert into album (album_id, album_name, release_year, album_length) values ('Headcold', 'Awkward Tape', '2015', '16:11')
;

-- Chino Horde
insert into album (album_id, album_name, release_year, album_length) values ('Chino_Horde', 'Chino Horde Cassette', '1990', 'Unknown');
insert into album (album_id, album_name, release_year, album_length) values ('Chino_Horde', 'Chino Horde 7"', '1992', '7:14');
insert into album (album_id, album_name, release_year, album_length) values ('Chino_Horde', 'Chino Horde LP', '1993', '34:50');
insert into album (album_id, album_name, release_year, album_length) values ('Chino_Horde', 'Chino Horde/Current Split', '1994', '9:41');
insert into album (album_id, album_name, release_year, album_length) values ('Chino_Horde', 'This is Done', '1995', 'Unknown')
;

-- Generation of Vipers
insert into album (album_id, album_name, release_year, album_length) values ('Generation_of_Vipers', 'La Génération Des Vipères', '1994', 'Unknown');
insert into album (album_id, album_name, release_year, album_length) values ('Generation_of_Vipers', 'Generation of Vipers', '1998', '23:22')
;

-- Benchmark
insert into album (album_id, album_name, release_year, album_length) values ('Benchmark', 'Thank You', '1994', 'Unknown');
insert into album (album_id, album_name, release_year, album_length) values ('Benchmark', 'Benchmark 7"', '1995', '11:30');

-- Auric
insert into album (album_id, album_name, release_year, album_length) values ('Auric', 'Auric LP', '2014', '48:01');
insert into album (album_id, album_name, release_year, album_length) values ('Auric', 'Empty Sea', '2015', '1:00:45');
insert into album (album_id, album_name, release_year, album_length) values ('Auric', 'First and Last', '2017', '22:59');


-- Pecan Sandy
insert into album (album_id, album_name, release_year, album_length) values ('Pecan_Sandy', '8 Songs', '2012', 'Unknown');
insert into album (album_id, album_name, release_year, album_length) values ('Pecan_Sandy', 'The Late Great Pecan Sandy', '2013', 'Unknown');
insert into album (album_id, album_name, release_year, album_length) values ('Pecan_Sandy', '2 Songs at Jeffs House', '2013', '8:58');


-- Everyone Asked About You
insert into album (album_id, album_name, release_year, album_length) values ('Everyone_Asked_About_You', 'Everyone Asked About You 7"', '1997', '11:05');
insert into album (album_id, album_name, release_year, album_length) values ('Everyone_Asked_About_You', 'The Boston to Little Rock Connection', '1998', '10:22');
insert into album (album_id, album_name, release_year, album_length) values ('Everyone_Asked_About_You', 'Sometimes Memory Fails Me', '1998', '11:13');

-- William Martyr 17
insert into album (album_id, album_name, release_year, album_length) values ('William_Martyr_17', 'William Martyr 17/Crown of Glory Split', '1994', '10:04');
insert into album (album_id, album_name, release_year, album_length) values ('William_Martyr_17', 'William Martyr 17/Plunger Split', '1995', '11:07');
insert into album (album_id, album_name, release_year, album_length) values ('William_Martyr_17', 'Celebration of Love', '1995', '8:36');


insert into genre (genre_id, genre_description) values ('Punk', 'Fun and simple, with a message!');
insert into genre (genre_id, genre_description) values ('Emo', 'Emotionally-charged');
insert into genre (genre_id, genre_description) values ('Hardcore', 'Heavy');
insert into genre (genre_id, genre_description) values ('Metal', 'Heavy but with riffs';
insert into genre (genre_id, genre_description) values ('Rock', 'Plain Jane fun!');
insert into genre (genre_id, genre_description) values ('Indie', 'Hipsters Only!');
insert into genre (genre_id, genre_description) values ('Pop', 'Makes you want to dance');
insert into genre (genre_id, genre_description) values ('Experimental', 'You are not supposed to understand it');
insert into genre (genre_id, genre_description) values ('Shoegaze', 'Wall of sound');
insert into genre (genre_id, genre_description) values ('Folk', 'We are headed to the mountains! ');
